{"cameraMode":{"drawMode":0,"name":"Shaded","section":"Shading Mode"},"sceneLighting":false,"audioPlay":false,"sceneViewState":{"m_AlwaysRefresh":false,"showFog":true,"showSkybox":false,"showFlares":true,"showImageEffects":true,"showParticleSystems":true,"showVisualEffectGraphs":true,"m_FxEnabled":true},"in2DMode":false,"pivot":{"x":-12.960000038146973,"y":1.2100000381469727,"z":-8.859999656677246},"rotation":{"x":0.2739218473434448,"y":-0.014424368739128113,"z":0.004110432229936123,"w":0.9616367220878601},"size":1.7320507764816285,"orthographic":true}