{"cameraMode":{"drawMode":0,"name":"Shaded","section":"Shading Mode"},"sceneLighting":false,"audioPlay":false,"sceneViewState":{"m_AlwaysRefresh":false,"showFog":true,"showSkybox":false,"showFlares":true,"showImageEffects":true,"showParticleSystems":true,"showVisualEffectGraphs":true,"m_FxEnabled":true},"in2DMode":false,"pivot":{"x":5.960464477539063e-8,"y":0.2038336992263794,"z":5.960464477539063e-8},"rotation":{"x":0.2739218473434448,"y":-0.014424368739128113,"z":0.004110432229936123,"w":0.9616367220878601},"size":2.160982608795166,"orthographic":true}