{"cameraMode":{"drawMode":0,"name":"Shaded","section":"Shading Mode"},"sceneLighting":false,"audioPlay":false,"sceneViewState":{"m_AlwaysRefresh":false,"showFog":true,"showSkybox":false,"showFlares":true,"showImageEffects":true,"showParticleSystems":true,"showVisualEffectGraphs":true,"m_FxEnabled":true},"in2DMode":false,"pivot":{"x":-0.17702507972717286,"y":1.591795563697815,"z":13.48542308807373},"rotation":{"x":-0.027272071689367296,"y":0.8549681901931763,"z":-0.5159862637519836,"w":-0.04518916457891464},"size":10.899694442749024,"orthographic":true}