{"cameraMode":{"drawMode":0,"name":"Shaded","section":"Shading Mode"},"sceneLighting":false,"audioPlay":false,"sceneViewState":{"m_AlwaysRefresh":false,"showFog":true,"showSkybox":false,"showFlares":true,"showImageEffects":true,"showParticleSystems":true,"showVisualEffectGraphs":true,"m_FxEnabled":true},"in2DMode":false,"pivot":{"x":-12.61645793914795,"y":2.1090168952941896,"z":1.1674041748046876},"rotation":{"x":0.26812270283699038,"y":0.019364191219210626,"z":-0.005390712525695562,"w":0.9631742835044861},"size":5.935628890991211,"orthographic":true}