{"cameraMode":{"drawMode":0,"name":"Shaded","section":"Shading Mode"},"sceneLighting":false,"audioPlay":false,"sceneViewState":{"m_AlwaysRefresh":false,"showFog":true,"showSkybox":false,"showFlares":true,"showImageEffects":true,"showParticleSystems":true,"showVisualEffectGraphs":true,"m_FxEnabled":true},"in2DMode":false,"pivot":{"x":-0.011089324951171875,"y":3.2350001335144045,"z":-0.00031280517578125},"rotation":{"x":0.26749926805496218,"y":0.06843959540128708,"z":-0.019051991403102876,"w":0.9609349966049194},"size":22.70732879638672,"orthographic":true}