{"cameraMode":{"drawMode":0,"name":"Shaded","section":"Shading Mode"},"sceneLighting":false,"audioPlay":false,"sceneViewState":{"m_AlwaysRefresh":false,"showFog":true,"showSkybox":false,"showFlares":true,"showImageEffects":true,"showParticleSystems":true,"showVisualEffectGraphs":true,"m_FxEnabled":true},"in2DMode":false,"pivot":{"x":-0.011089324951171875,"y":3.2350001335144045,"z":-0.00031280517578125},"rotation":{"x":0.2273702770471573,"y":0.4290783703327179,"z":-0.11253781616687775,"w":0.8669073581695557},"size":14.970319747924805,"orthographic":true}